Germplasm,Trial,Yield (lbs/ac)
MPD_081,MP2_2021_1,7664.74693
MPD_018,MP2_2021_2,7552.716216
MPD_291,MP2_2021_2,7868.201721
MPD_105,MP2_2020,8169.553332
MPD_269,MP2_2021_2,7535.237618
MPD_140,MP2_2021_1,7382.363727
MPD_119,MP2_2021_1,7135.784045
MPD_088,MP2_2020,7786.600724
MPD_033,MP2_2021_2,7443.202605
MPD_045,MP2_2021_2,6773.963655
MPD_248,MP2_2020,8618.241691
MPD_037,MP2_2021_2,7653.378644
MPD_206,MP2_2021_1,7801.938586
MPD_005,MP2_2021_2,6570.826335
MPD_174,MP2_2020,8344.672759
MPD_269,MP2_2020,8347.002116
MPD_254,MP2_2021_1,7608.387954
MPD_201,MP2_2021_1,8401.129616
MPD_148,MP2_2021_1,7883.597482
MPD_130,MP2_2020,8423.158191
MPD_281,MP2_2021_2,8298.186785
MPD_155,MP2_2021_1,7947.626359
MPD_119,MP2_2021_2,7057.15647
MPD_089,MP2_2021_1,7686.470471
MPD_073,MP2_2020,7442.985351
MPD_117,MP2_2021_2,7227.417418
MPD_042,MP2_2020,7151.096973
MPD_018,MP2_2021_1,7225.456214
MPD_030,MP2_2020,8066.329506
MPD_037,MP2_2021_1,8143.642143
MPD_110,MP2_2020,8215.115161
MPD_136,MP2_2021_1,8619.37671
MPD_103,MP2_2020,8405.935538
MPD_152,MP2_2021_1,8167.950468
MPD_020,MP2_2021_1,8848.436992
MPD_072,MP2_2020,8357.308617
MPD_207,MP2_2021_1,8463.011961
MPD_112,MP2_2021_1,7015.598048
MPD_226,MP2_2020,7981.152378
MPD_033,MP2_2021_1,7335.392068
MPD_140,MP2_2021_2,7457.097669
MPD_114,MP2_2021_2,7674.441696
MPD_009,MP2_2021_2,7826.77377
MPD_139,MP2_2021_1,8526.33885
MPD_242,MP2_2021_2,9573.689462
MPD_112,MP2_2021_2,6489.775399
MPD_160,MP2_2021_2,7759.666248
MPD_006,MP2_2020,8293.355429
MPD_105,MP2_2021_1,6985.462342
MPD_008,MP2_2021_2,6294.445469
MPD_201,MP2_2021_2,7510.790921
MPD_164,MP2_2021_1,8354.924297
MPD_280,MP2_2020,8204.028241
MPD_003,MP2_2021_2,6809.018996
MPD_060,MP2_2021_2,6616.235061
MPD_224,MP2_2021_1,7344.662846
MPD_292,MP2_2020,7844.884454
MPD_033,MP2_2020,9222.57759
MPD_066,MP2_2021_2,6406.17964
MPD_015,MP2_2021_1,7389.563367
MPD_212,MP2_2021_2,6845.286068
MPD_175,MP2_2021_2,7241.960541
MPD_035,MP2_2021_1,7965.63375
MPD_010,MP2_2020,8775.231892
MPD_035,MP2_2021_2,7164.403953
MPD_059,MP2_2021_1,6614.517877
MPD_186,MP2_2021_1,7181.887074
MPD_185,MP2_2020,8582.813835
MPD_214,MP2_2021_2,6403.47932
MPD_015,MP2_2021_2,7276.29278
MPD_148,MP2_2021_2,6871.582163
MPD_214,MP2_2020,7445.608307
MPD_291,MP2_2021_1,8245.780409
MPD_084,MP2_2021_1,8313.216491
MPD_206,MP2_2021_2,6644.810438
MPD_038,MP2_2021_2,6895.248464
MPD_076,MP2_2021_2,7492.908872
MPD_045,MP2_2021_1,6980.048708
MPD_081,MP2_2021_2,6407.705391
MPD_089,MP2_2021_2,7047.837449
MPD_256,MP2_2020,7558.739445
MPD_171,MP2_2021_1,7430.251735
MPD_256,MP2_2021_1,7761.469542
MPD_089,MP2_2020,8059.078336
MPD_008,MP2_2021_1,6656.769745
MPD_139,MP2_2021_2,7956.165969
MPD_105,MP2_2021_2,6411.981622
MPD_021,MP2_2021_1,5886.303486
MPD_269,MP2_2021_1,7859.635869
MPD_136,MP2_2021_2,8147.762324
MPD_139,MP2_2020,9569.994379
MPD_059,MP2_2020,7459.414545
MPD_285,MP2_2021_1,6096.790275
MPD_119,MP2_2020,8166.333718
MPD_242,MP2_2021_1,7945.559927
MPD_053,MP2_2021_2,7466.60425
MPD_212,MP2_2021_1,7499.277527
MPD_076,MP2_2021_1,7845.330975
MPD_281,MP2_2021_1,8431.489668
MPD_254,MP2_2021_2,6615.797129
MPD_175,MP2_2020,8299.572429
MPD_165,MP2_2021_1,7548.651323
MPD_165,MP2_2021_2,7029.92263
MPD_285,MP2_2021_2,5320.591717
MPD_003,MP2_2021_1,7307.590751
MPD_152,MP2_2021_2,7503.929813
MPD_005,MP2_2021_1,7257.423357
MPD_060,MP2_2021_1,6742.491195
MPD_130,MP2_2021_1,7770.541454
MPD_084,MP2_2021_2,7156.170345
MPD_117,MP2_2020,8661.52873
MPD_029,MP2_2021_1,8062.800436
MPD_009,MP2_2021_1,7348.998708
MPD_066,MP2_2021_1,7173.675772
MPD_036,MP2_2020,8151.224504
MPD_038,MP2_2021_1,7310.865694
MPD_207,MP2_2021_2,7282.804675
MPD_155,MP2_2021_2,7342.518693
MPD_186,MP2_2021_2,6461.190679
MPD_056,MP2_2021_1,6982.563766
MPD_290,MP2_2020,8293.794386
MPD_020,MP2_2020,9275.80924
MPD_029,MP2_2021_2,7724.953772
MPD_087,MP2_2021_2,6929.66098
MPD_117,MP2_2021_1,7427.954165
MPD_164,MP2_2021_2,7290.63442
MPD_060,MP2_2020,7398.690352
MPD_160,MP2_2021_1,8103.595155
MPD_056,MP2_2021_2,6406.629809
MPD_279,MP2_2020,8078.103711
MPD_020,MP2_2021_2,7122.296378
MPD_087,MP2_2020,7641.945116
MPD_087,MP2_2021_1,7326.250408
MPD_114,MP2_2021_1,7853.720945
MPD_130,MP2_2021_2,6669.327015
MPD_035,MP2_2020,8933.806262
MPD_053,MP2_2021_1,7776.661929
MPD_171,MP2_2021_2,7624.602139
MPD_224,MP2_2021_2,6878.537348
MPD_059,MP2_2021_2,6237.756212
MPD_021,MP2_2021_2,5912.649472
MPD_214,MP2_2021_1,6377.918273
MPD_175,MP2_2021_1,7804.165744
MPD_256,MP2_2021_2,6990.755245
MPD_081,MP2_2020,7562.140956
MPD_242,MP2_2020,8581.14527
MPD_005,MP2_2020,8332.091812
MPD_201,MP2_2020,8572.412783
MPD_009,MP2_2020,8450.448397
MPD_166,MP2_2020,8338.089326
MPD_163,MP2_2020,7681.241804
MPD_054,MP2_2020,8632.942228
MPD_206,MP2_2020,7844.193319
MPD_021,MP2_2020,6930.088991
MPD_183,MP2_2020,8321.237182
MPD_048,MP2_2020,8020.807711
MPD_146,MP2_2020,8179.225453
MPD_285,MP2_2020,7359.127524
MPD_203,MP2_2020,7868.957534
MPD_018,MP2_2020,8874.711213
MPD_171,MP2_2020,8845.680174
MPD_140,MP2_2020,8601.161997
MPD_022,MP2_2020,7836.741097
MPD_029,MP2_2020,9208.444368
MPD_031,MP2_2020,8188.156023
MPD_075,MP2_2020,8528.178333
MPD_152,MP2_2020,9242.315976
MPD_186,MP2_2020,7104.485545
MPD_161,MP2_2020,8717.791988
MPD_011,MP2_2020,7809.77682
MPD_066,MP2_2020,8982.693352
MPD_056,MP2_2020,7922.930343
MPD_063,MP2_2020,8421.262131
MPD_019,MP2_2020,7954.027011
MPD_053,MP2_2020,7984.477521
MPD_077,MP2_2020,8159.686833
MPD_254,MP2_2020,8383.770616
MPD_078,MP2_2020,8580.328235
MPD_045,MP2_2020,7973.397652
MPD_091,MP2_2020,7375.678324
MPD_252,MP2_2020,8330.035423
MPD_155,MP2_2020,8333.879657
MPD_122,MP2_2020,6854.096899
MPD_050,MP2_2020,8172.537885
MPD_291,MP2_2020,8455.811398
MPD_057,MP2_2020,8711.361413
MPD_218,MP2_2020,8061.985022
MPD_164,MP2_2020,9038.122694
MPD_076,MP2_2020,8957.238532
MPD_177,MP2_2020,8243.294789
MPD_148,MP2_2020,8811.317931
MPD_281,MP2_2020,8266.943637
MPD_212,MP2_2020,8203.745852
MPD_003,MP2_2020,8299.607997
MPD_038,MP2_2020,8553.536574
MPD_112,MP2_2020,7419.199085
MPD_207,MP2_2020,8198.271986
MPD_037,MP2_2020,8853.34725
MPD_013,MP2_2020,8453.554968
MPD_008,MP2_2020,7866.361425
MPD_160,MP2_2020,8862.66883
MPD_255,MP2_2020,8812.426986
MPD_132,MP2_2020,8943.736155
MPD_098,MP2_2020,8373.358349
MPD_224,MP2_2020,6938.401002
MPD_136,MP2_2020,8249.464227
MPD_084,MP2_2020,8366.932111
MPD_165,MP2_2020,7866.049888
MPD_015,MP2_2020,8419.106785
MPD_114,MP2_2020,8766.285105
PSDO_MP,MP2_2020,8149.238877
PSDO_MP,MP2_2021_2,7072.289817
PSDO_MP,MP2_2021_1,7955.277323
CTHL_MP,MP2_2021_2,8122.808602
CTHL_MP,MP2_2020,8406.983171
CTHL_MP,MP2_2021_1,8281.89957
PSDO_MP,Across,7725.602006
CTHL_MP,Across,8270.563781
MPD_136,Across,8338.867754
MPD_206,Across,7430.314114
MPD_029,Across,8332.066192
MPD_031,Across,7566.379097
MPD_037,Across,8216.789346
MPD_076,Across,8098.492793
MPD_038,Across,7586.550244
MPD_075,Across,7906.401407
MPD_117,Across,7772.300104
MPD_132,Across,8321.959229
MPD_175,Across,7781.899571
MPD_177,Across,7621.517863
MPD_203,Across,7247.180608
MPD_252,Across,7708.258497
MPD_155,Across,7874.674903
MPD_242,Across,8700.131553
MPD_161,Across,8096.015062
MPD_269,Across,7913.958534
MPD_057,Across,8089.584487
MPD_119,Across,7453.091411
MPD_254,Across,7535.985233
MPD_066,Across,7520.849588
MPD_073,Across,6821.208425
MPD_009,Across,7875.406958
MPD_160,Across,8241.976744
MPD_010,Across,8153.454966
MPD_098,Across,7751.581423
MPD_030,Across,7444.55258
MPD_291,Across,8189.931176
MPD_077,Across,7537.909907
MPD_072,Across,7735.531691
MPD_281,Across,8332.206697
MPD_140,Across,7813.541131
MPD_114,Across,8098.149249
MPD_174,Across,7722.895833
MPD_164,Across,8227.893804
MPD_006,Across,7671.578503
MPD_171,Across,7966.844683
MPD_078,Across,7958.551309
MPD_248,Across,7996.464765
MPD_183,Across,7699.460256
MPD_112,Across,6974.857511
MPD_054,Across,8011.165302
MPD_087,Across,7299.285501
MPD_146,Across,7557.448527
MPD_256,Across,7436.988077
MPD_048,Across,7399.030785
MPD_060,Across,6919.138869
MPD_033,Across,8000.390754
MPD_201,Across,8161.44444
MPD_036,Across,7529.447578
MPD_130,Across,7621.008887
MPD_003,Across,7472.072581
MPD_008,Across,6939.192213
MPD_139,Across,8684.166399
MPD_020,Across,8415.514203
MPD_152,Across,8304.732086
MPD_035,Across,8021.281322
MPD_013,Across,7831.778042
MPD_110,Across,7593.338235
MPD_214,Across,6742.3353
MPD_212,Across,7516.103149
MPD_015,Across,7694.987644
MPD_103,Across,7784.158612
MPD_163,Across,7059.464878
MPD_279,Across,7456.326785
MPD_280,Across,7582.251315
MPD_290,Across,7672.01746
MPD_005,Across,7386.780501
MPD_186,Across,6915.854433
MPD_059,Across,6770.562878
MPD_165,Across,7481.54128
MPD_185,Across,7961.036909
MPD_022,Across,7214.964171
MPD_292,Across,7223.107528
MPD_018,Across,7884.294548
MPD_122,Across,6232.319973
MPD_091,Across,6753.901398
MPD_081,Across,7211.531092
MPD_088,Across,7164.823798
MPD_148,Across,7855.499192
MPD_226,Across,7359.375452
MPD_050,Across,7550.760959
MPD_285,Across,6258.836505
MPD_218,Across,7440.208096
MPD_255,Across,8190.65006
MPD_045,Across,7242.470005
MPD_011,Across,7187.999894
MPD_084,Across,7945.439649
MPD_207,Across,7981.362874
MPD_056,Across,7104.041306
MPD_042,Across,6529.320047
MPD_021,Across,6243.013983
MPD_089,Across,7597.795419
MPD_019,Across,7332.250085
MPD_053,Across,7742.581233
MPD_224,Across,7053.867065
MPD_063,Across,7799.485205
MPD_166,Across,7716.3124
MPD_105,Across,7188.999099
